Block,Component,Description / references,Qty,Package / pitch,Sourcing,Note
Processor,ESP32-S3-WROOM-1-N8R2,"dual-core 240 MHz, 8 MB flash, 2 MB PSRAM (U6)",1,SMD module,LCSC (C2913204),unchanged
CAN,MCP2515-I/SO,"CAN 2.0B controller, SPI (U4)",1,SOIC-18W,LCSC (C12368),"unchanged; Conrad stocks only the I/ST variant in TSSOP-20, a different footprint"
CAN,SN65HVD230DR,"CAN transceiver 3,3 V, ISO 11898 (U5)",1,SOIC-8,LCSC (C12084),unchanged
CAN,Crystal 8 MHz,"ABL-8.000MHZ-B2, +-20 ppm (Y1)",1,HC-49/U vertical,LCSC (C7060573),unchanged
OBD,J1962 female,"MINITOOLS SEP-A-OBD-D2, 16-pin, now directly on the board (J2)",1,THT custom footprint,TME (A-OBD-D),unchanged
OBD,PESD1CAN,ESD protection for the CAN bus (D1),1,SOT-23,TME (PESD1CAN.215),unchanged
UI,"Waveshare 18366, TFT 2,4""","ILI9341, 320 x 240, SPI, no touch; connects to J5",1,module,TME (WSH-18366),unchanged
UI,Tactile button 6 mm,"SW1 CONFIRM, SW2 CLEAR, SW3 RETURN, SW4 BOOT, SW5 RESET",5,THT 6x6 mm,TME (1825967-1),"unchanged; the footprint has 4 holes 6,5 x 4,5 mm and matches the buttons in stock"
UI,SKRHABE010,"Alps 5-way switch, directly on the board (SW6)",1,SMD custom footprint,TME (SKRHABE010),unchanged
UI,Incremental encoder,"BI Technologies EN11-HSB1AQ20, 20 pulses and 20 detents per revolution, with a built-in button, directly on the board (ENC1)",1,"THT, stock footprint RotaryEncoder_Alps_EC11E-Switch_Vertical_H20mm",TME (EN11-HSB1AQ20),CHANGED 06.08.2026.: replaced potentiometer RV1. Measure the lead pitch with calipers before ordering
Power,USB-C connector,"GCT USB4085-GF-A, USB 2.0 + PD (J1)",1,SMD,TME (USB4085-GF-A),unchanged
Power,CH224K,"USB-C PD sink, negotiates 12 V (U1)",1,ESSOP-10,LCSC (C970725),unchanged
Power,TPS562201DDCR,"buck converter; U2 gives 3,3 V, U11 gives 5 V",2,SOT-23-6,TME (TPS562201DDCR),unchanged
Memory,S25FL128LAGMFM010,"16 MB NOR flash, SPI (U7) - the part actually ordered; an equivalent replacement is the Winbond W25Q128JVSIQ, same package and same pinout",1,SOIC-8 208 mil (SOC008),TME (S25FL128LAGMFM010),footprint value aligned with the ordered part 05.08.2026.
USB,USB-A connector,"female right-angle, socket for a USB stick (J4)",1,THT,TME (USB-A-S-RA),unchanged
USB,TS3USB221DRCR,USB 2.0 analogue mux (U9),1,VSON-10,LCSC (C324071),unchanged
USB,SY6280AAC,current-limited 5 V switch (U10),1,SOT-23-5,LCSC (C55136),unchanged
Other,Pin header 1x40,"male, cut down for J6 (1x3)",1,"THT, 2,54 mm",TME (ZL201-40G),unchanged
Other,Female socket strip 1x40,"cut down for J5 (1x8), the LCD module",1,"THT, 2,54 mm",TME (ZL262-40SG),unchanged
NEW THT,Resistor 10 kΩ,"pull-ups R9-R14, pull-down R15, VBUS sense R22, SW6 ladder R28/R29",10,"metal film 0,6 W 1 %, axial, 10,16 mm pitch",Chipoteka,"series ""R 0,6 W 1%"", package 0207 (6,3 x 2,5 mm)"
NEW THT,"Resistor 6,8 kΩ","SY6280 ISET (R19), pull-ups for the SW6 axes (R26, R27)",3,"metal film 0,6 W 1 %, axial, 10,16 mm pitch",Chipoteka,"series ""R 0,6 W 1%"""
NEW THT,Resistor 51 kΩ,"upper members of the feedback dividers (R16, R24)",2,"metal film 0,6 W 1 %, axial, 10,16 mm pitch",Chipoteka,"series ""R 0,6 W 1%"""
NEW THT,Resistor 24 kΩ,"CH224K CFG1, selects the 12 V PD profile (R23)",1,"metal film 0,6 W 1 %, axial, 10,16 mm pitch",Chipoteka,"series ""R 0,6 W 1%"""
NEW THT,Resistor 1 kΩ,series VBUS -> VDD of the CH224K controller (R21),1,"metal film 0,6 W 1 %, axial, 10,16 mm pitch",Chipoteka,"series ""R 0,6 W 1%"""
NEW THT,Resistor 120 Ω,CAN termination at the connector (R7),1,"metal film 0,6 W 1 %, axial, 10,16 mm pitch",Chipoteka,"series ""R 0,6 W 1%"""
NEW THT,Resistor 33 Ω,series on the display BL input (R8),1,"metal film 0,6 W 1 %, axial, 10,16 mm pitch",Chipoteka,"series ""R 0,6 W 1%"""
NEW THT,Resistor 15 kΩ,"lower member of the 3,3 V divider, upper half (R17A)",1,"metal film 0,6 W 1 %, axial, 10,16 mm pitch",Chipoteka,"IN SERIES with R17B: 15k + 470R = 15,47 kΩ, output 3,300 V. Substitute for the unobtainable 15,4 kΩ (06.08.2026.). 15 kΩ ALONE is not enough, it gives 3,38 V"
NEW THT,Resistor 470 Ω,"lower member of the 3,3 V divider, lower half (R17B)",1,"metal film 0,6 W 1 %, axial, 10,16 mm pitch",Chipoteka,"IN SERIES with R17A: 15k + 470R = 15,47 kΩ, output 3,300 V. An alternative 390 Ω gives 3,313 V and passes equally. The 1 % tolerance is mandatory because it sets the output voltage"
NEW THT,"Resistor 9,31 kΩ",lower member of the 5 V divider (R25),1,"metal film 0,6 W 1 %, axial, 10,16 mm pitch",Chipoteka,"E96 value. If unavailable, 9,1 kΩ gives 5,07 V instead of 4,98 V, which is acceptable"
NEW THT,Capacitor 100 nF,"decoupling and bootstrap (C10-C16, C20, C21, C23, C24, C29)",12,"ceramic disc, RM 5 mm, >= 50 V",Chipoteka,Chipoteka stocks ceramics on a 5 mm pitch and the footprint is matched to that
NEW THT,Capacitor 22 pF,"crystal load (C6, C7)",2,"ceramic disc NP0, RM 5 mm",Chipoteka,same 5 mm pitch
NEW THT,Capacitor 1 µF,"VDD of the CH224K controller (C22), RC on the module EN pin (C26)",2,"ceramic / multilayer, RM 5 mm",Chipoteka,same 5 mm pitch
NEW THT,Capacitor 10 µF,"bulk per section (C5, C18, C19, C25) and at the input of switch U10 (C37)",5,"radial electrolytic, >= 25 V, D5 mm, 2 mm pitch",Chipoteka,"polarised, anode to the supply. C37 sits on the 5 V rail so >= 10 V is enough for it, but the same 25 V part passes. C37 added 09.08.2026.: the input of switch U10 had only 100 nF and the nearest electrolytic was 73 mm away"
NEW THT,Capacitor 22 µF low ESR,"input and output of both converters (C3, C4, C27, C28)",4,"radial, up to Ø6,3 mm, the footprint is 2,5 mm pitch but also takes 2,0 mm",Chipoteka,"THE CRITERION IS IMPEDANCE, NOT CHEMISTRY (10.08.2026.): ESR at 100 kHz <= 0,15 Ω and rated ripple current >= 0,35 A rms. They carry 0,88 A pp on 3,3 V and 1,07 A pp on 5 V, so 0,15 Ω keeps the ripple at 132 and 161 mV. A polymer part meets it (20 to 50 mΩ), as does an electrolytic marked low ESR or low impedance, but NOT a plain electrolytic (about 1 Ω gives 878 mV and pushes the ESP32-S3 and the flash out of specification). If the ESR is worse, add a ceramic 4,7 to 10 µF across the same pads. The low ESR electrolytics already bought, Ø5 mm / 2,0 mm pitch, are used with their leads eased out to 2,5 mm"
NEW THT,Capacitor 100 µF,input bulk on VBUS (C1),1,"radial electrolytic, 25 V, D6,3 mm, 2,5 mm pitch",Chipoteka,polarised
NEW THT,"Inductor 4,7 µH","buck converters (L2, L3)",2,"radial, 5,00 mm pitch, body up to Ø8,5 mm, up to 12 mm tall",Conrad,"CHANGED from 10 µH 09.08.2026. Table 7-2 of the TPS562201 datasheet gives 4,7 µH as the maximum for both 3,3 V and 5 V, and 10 µH was more than double that. With low ESR output capacitors the ripple current at 4,7 µH is 0,25 to 0,31 A rms, which such a part handles easily. Ask for Isat >= 1,5 A and DCR up to 0,1 Ω. On 10.08.2026. the footprint was changed to a radial one (L_Radial_D8.7mm_P5.00mm_Fastron_07HCP), because the part bought is radial too: 4,3 A, 30 mΩ, body Ø8,5 x 11 mm, 5,0 mm lead pitch. An axial footprint draws the body over one hole, while a radial part sits centred between two. Before that the footprint had been enlarged from Ø5,0 to Ø7,5 mm, because it drew a smaller body than the BOM asks for"
Power,SMAJ16A-13-F,TVS on the 12 V rail towards pin 16 (D2) and the blocking diode on the same rail (D3),2,SMA (DO-214AC),"TME, LCSC","back to SMD 05.08.2026.; cathode (pad 1) to OBD_12V, polarity corrected. QUANTITY BACK TO 2 (10.08.2026.): D3 is an SMAJ16A again, the request for a Schottky SS34 was withdrawn. Both pieces sit in the same orientation so they cannot be swapped by mistake"
Power,1206L050YR,"PTC fuse 0,5 A on the 12 V rail (F1)",1,1206,"TME, LCSC",back to SMD 05.08.2026.
Mechanics,PCB fabrication,"2 layers, 130 x 115 mm, FR4 1,6 mm, min. 5 pieces (v0.7)",1,-,"JLCPCB, PCBWay, Aisler",size raised from 115 x 100 because of 17 new footprints and the tighter grouping around the ICs
Mechanics,Enclosure,"Hammond 1591XXFLBK or 3D printed, to be adapted to the new board size",1,-,"Conrad, TME","CHECK, an enclosure for 115 x 100 no longer fits (v0.7 is 130 x 115)"
NEW,Resistor 33 Ω,"series SPI termination at the source (R30 SCK, R31 MOSI)",2,"metal film 0,6 W 1 %, axial, 10,16 mm pitch",Chipoteka,"new 08.08.2026., review section 4.1"
NEW,Resistor 10 kΩ,"encoder pull-ups (R32 A, R33 B, R34 button)",3,"metal film 0,6 W 1 %, axial, 10,16 mm pitch",Chipoteka,"new 08.08.2026., same value as R9-R15 and can be bought together with them"
NEW,Capacitor 47 nF,"encoder RC filter (C31 A, C32 B, C33 button)",3,"ceramic disc, RM 5 mm, >= 50 V",Chipoteka,"CHANGED from 10 nF 09.08.2026. With a 10 k pull-up, 10 nF gives 100 µs, while encoder contact bounce lasts on the order of a millisecond, so the node returns to 3,3 V between two bounces and the filter rejects nothing. With 47 nF the constant is 470 µs"
NEW,Test point,"TP1 3V3, TP2 GND, TP3 CANH, TP4 CANL, TP5 MOSI, TP6 MISO, TP7 SCK, TP8 VBUS",8,"THT pad 2,0 x 2,0 mm, 1,0 mm hole",-,"not a part to buy, just a pad on the board. Solder a wire to it or clip a probe hook on"
NEW,Capacitor 1 nF,"second capacitor of the encoder lines, right at the module pins (C34, C35, C36)",3,"ceramic disc NP0/X7R, RM 5 mm",Chipoteka,"new 08.08.2026. The C31-C33 filter sits at the encoder, but past it the track still runs 115 to 137 mm across the board. 1 nF, not 10 nF, so the time constant of the line stays around 110 us"
NEW,USBLC6-2SC6,ESD protection for USB-C (D4) and USB-A (D5),2,SOT-23-6,"LCSC, TME","OPTIONAL ON A FIRST BUILD (10.08.2026.): both sit in parallel on their pair, and removing the footprint was measured to leave 0 unconnected items, so the board works with empty footprints and the parts can be added later. They carry the DNP flag in the .kicad_pcb. New 09.08.2026. Both USB connectors had been left without any protection, while the CAN pair has D1. PIN 5 (Vbus) GOES TO +3,3 V, NOT TO VBUS: the standoff of that pin is 5,25 V and VBUS carries 12 V after the PD contract"
NEW,Resistor 10 kΩ,"pull-up CS_CAN (R35) and CS_FLASH (R36), pull-down USB_HOST_EN (R37)",3,"metal film 0,6 W 1 %, axial, 10,16 mm pitch",Chipoteka,"new 09.08.2026., same value as R9-R15. The CS lines used to float until the firmware took the pin over, and the EN of the SY6280 switch is active high"
NEW,Resistor 100 Ω,"series in the encoder filter (R38 A, R39 B, R40 button)",3,"metal film 0,6 W, axial, VERTICAL mounting, 5,08 mm pitch",Chipoteka,"new 09.08.2026. The ONLY resistors on the board that stand vertically. Without them the filter capacitor discharges straight through the encoder contact, which is a spike of several amperes through a contact rated for 10 mA"
